{
 "ggZH_HToGG_ZToNuNu_M125_13TeV_powheg_pythia8" : [0 , 300000 ],
 "VBFHToGG_M110_13TeV_amcatnlo_pythia8" : [0.346747 , 300000 ],
 "VBFHToGG_M123_13TeV_amcatnlo_pythia8" : [0.345875 , 490816 ],
 "VBFHToGG_M127_13TeV_amcatnlo_pythia8" : [0.346512 , 500000 ],
 "THQ_ctcvcp_HToGG_M125_13TeV-madgraph-pythia8_TuneCP5" : [0.00275573 , 1.8975e+06 ],
 "GluGluHToGG_M90_13TeV_amcatnloFXFX_pythia8" : [0.199262 , 296579 ],
 "GluGluHToGG_M110_13TeV_amcatnloFXFX_pythia8" : [0.20885 , 299329 ],
 "GluGluHToGG_M125_13TeV_amcatnloFXFX_pythia8_PSWeights" : [0.213163 , 993474 ],
 "VBFHToGG_M125_13TeV_amcatnlo_pythia8" : [0.346123 , 1.9253e+06 ],
 "VBFHToGG_M65_13TeV_amcatnlo_pythia8" : [0.351619 , 280352 ],
 "ttHJetToGG_M125_13TeV_amcatnloFXFX_madspin_pythia8" : [0.32808 , 414189 ],
 "VHToGG_M125_13TeV_amcatnloFXFX_madspin_pythia8_PSWeights" : [0.195289 , 1.00011e+06 ],
 "GluGluHToGG_M80_13TeV_amcatnloFXFX_pythia8" : [0.191954 , 296107 ],
 "VHToGG_M130_13TeV_amcatnloFXFX_madspin_pythia8" : [0.19701 , 344592 ],
 "ttHJetToGG_M70_13TeV_amcatnloFXFX_madspin_pythia8" : [0.321704 , 347928 ],
 "VHToGG_M125_13TeV_amcatnloFXFX_madspin_pythia8" : [0.195456 , 565594 ],
 "DiPhotonJetsBox_MGG-80toInf_13TeV-Sherpa" : [0.000237994 , 5.07282e+07 ],
 "ttHJetToGG_M75_13TeV_amcatnloFXFX_madspin_pythia8" : [0.323457 , 408064 ],
 "ttHJetToGG_M120_13TeV_amcatnloFXFX_madspin_pythia8" : [0.325297 , 307989 ],
 "VHToGG_M124_13TeV_amcatnloFXFX_madspin_pythia8" : [0.196703 , 342196 ],
 "GluGluHToGG_M75_13TeV_amcatnloFXFX_pythia8" : [0.189926 , 118504 ],
 "GluGluHToGG_M120_13TeV_amcatnloFXFX_pythia8" : [0.212601 , 480853 ],
 "THW_ctcvcp_HToGG_M125_13TeV-madgraph-pythia8_TuneCP5" : [0.000584125 , 965547 ],
 "VHToGG_M95_13TeV_amcatnloFXFX_madspin_pythia8" : [0.191426 , 493042 ],
 "VHToGG_M127_13TeV_amcatnloFXFX_madspin_pythia8" : [0.19566 , 328274 ],
 "VHToGG_M80_13TeV_amcatnloFXFX_madspin_pythia8" : [0.188548 , 571917 ],
 "VBFHToGG_M60_13TeV_amcatnlo_pythia8" : [0.350867 , 150000 ],
 "ttHJetToGG_M123_13TeV_amcatnloFXFX_madspin_pythia8" : [0.326643 , 310198 ],
 "TTJets_TuneCP5_13TeV-amcatnloFXFX-pythia8" : [0.313375 , 1.53154e+08 ],
 "ttHJetToGG_M95_13TeV_amcatnloFXFX_madspin_pythia8" : [0.325316 , 383203 ],
 "GluGluHToGG_M124_13TeV_amcatnloFXFX_pythia8" : [0.212489 , 506060 ],
 "ttHJetToGG_M130_13TeV_amcatnloFXFX_madspin_pythia8" : [0.327824 , 304532 ],
 "VBFHToGG_M126_13TeV_amcatnlo_pythia8" : [0.34607 , 500000 ],
 "VBFHToGG_M120_13TeV_amcatnlo_pythia8" : [0.347071 , 1e+06 ],
 "GluGluHToGG_M100_13TeV_amcatnloFXFX_pythia8" : [0.203547 , 298757 ],
 "GluGluHToGG_M95_13TeV_amcatnloFXFX_pythia8" : [0.197867 , 119570 ],
 "ttHJetToGG_M110_13TeV_amcatnloFXFX_madspin_pythia8" : [0.325992 , 392737 ],
 "VBFHToGG_M130_13TeV_amcatnlo_pythia8" : [0.34577 , 985426 ],
 "VHToGG_M90_13TeV_amcatnloFXFX_madspin_pythia8" : [0.189369 , 517625 ],
 "ggZH_HToGG_ZToQQ_M125_13TeV_powheg_pythia8" : [0 , 300000 ],
 "GluGluHToGG_M125_13TeV_amcatnloFXFX_pythia8" : [0.214883 , 1.94641e+06 ],
 "GJets_HT-200To400_TuneCP5_13TeV-madgraphMLM-pythia8" : [0.000339916 , 1.85369e+07 ],
 "GJets_HT-100To200_TuneCP5_13TeV-madgraphMLM-pythia8" : [0.000104426 , 9.95919e+06 ],
 "VBFHToGG_M100_13TeV_amcatnlo_pythia8" : [0.346233 , 300000 ],
 "GluGluHToGG_M65_13TeV_amcatnloFXFX_pythia8" : [0.182645 , 118169 ],
 "WplusH_HToGG_WToAll_M125_13TeV_powheg_pythia8" : [0.0273758 , 296320 ],
 "TTGG_0Jets_TuneCP5_13TeV_amcatnlo_madspin_pythia8" : [0.225899 , 4.154e+06 ],
 "VBFHToGG_M80_13TeV_amcatnlo_pythia8" : [0.3474 , 100000 ],
 "VHToGG_M123_13TeV_amcatnloFXFX_madspin_pythia8" : [0.196052 , 341216 ],
 "VHToGG_M120_13TeV_amcatnloFXFX_madspin_pythia8" : [0.196365 , 351376 ],
 "ttHJetToGG_M100_13TeV_amcatnloFXFX_madspin_pythia8" : [0.325621 , 399489 ],
 "ttHJetToGG_M90_13TeV_amcatnloFXFX_madspin_pythia8" : [0.324049 , 513669 ],
 "GluGluHToGG_M85_13TeV_amcatnloFXFX_pythia8" : [0.194423 , 118705 ],
 "WminusH_HToGG_WToAll_M125_13TeV_powheg_pythia8" : [0.02687 , 300000 ],
 "VHToGG_M85_13TeV_amcatnloFXFX_madspin_pythia8" : [0.188626 , 567668 ],
 "TTGJets_TuneCP5_13TeV-amcatnloFXFX-madspin-pythia8" : [0.305813 , 4.62334e+06 ],
 "VHToGG_M110_13TeV_amcatnloFXFX_madspin_pythia8" : [0.194109 , 530837 ],
 "ggZH_HToGG_ZToQQ_M126_13TeV_powheg_pythia8" : [0 , 299457 ],
 "ttHToGG_M125_13TeV_powheg_pythia8" : [0.0105068 , 957189 ],
 "VBFHToGG_M124_13TeV_amcatnlo_pythia8" : [0.348672 , 500000 ],
 "bbHToGG_M-125_4FS_yb2_13TeV_amcatnlo" : [0.367576 , 596000 ],
 "GluGluHToGG_M-125_13TeV_powheg_pythia8" : [0.00517844 , 953376 ],
 "VHToGG_M60_13TeV_amcatnloFXFX_madspin_pythia8" : [0.182788 , 628248 ],
 "GluGluHToGG_M70_13TeV_amcatnloFXFX_pythia8" : [0.18445 , 296573 ],
 "VHToGG_M65_13TeV_amcatnloFXFX_madspin_pythia8" : [0.184077 , 572646 ],
 "ggZH_HToGG_ZToLL_M125_13TeV_powheg_pythia8" : [0 , 300000 ],
 "VHToGG_M115_13TeV_amcatnloFXFX_madspin_pythia8" : [0.194061 , 492721 ],
 "ggZH_HToGG_ZToNuNu_M126_13TeV_powheg_pythia8" : [0 , 300000 ],
 "GluGluHToGG_M127_13TeV_amcatnloFXFX_pythia8" : [0.21517 , 507310 ],
 "GluGluHToGG_M126_13TeV_amcatnloFXFX_pythia8" : [0.213874 , 506771 ],
 "VHToGG_M70_13TeV_amcatnloFXFX_madspin_pythia8" : [0.186461 , 599899 ],
 "VBFHToGG_M70_13TeV_amcatnlo_pythia8" : [0.349273 , 150000 ],
 "GJets_HT-600ToInf_TuneCP5_13TeV-madgraphMLM-pythia8" : [0.00182395 , 537295 ],
 "ttHJetToGG_M80_13TeV_amcatnloFXFX_madspin_pythia8" : [0.325323 , 487949 ],
 "VBFHToGG_M-125_13TeV_powheg_pythia8" : [0.000668347 , 996488 ],
 "ttHJetToGG_M124_13TeV_amcatnloFXFX_madspin_pythia8" : [0.327688 , 309374 ],
 "GJets_HT-40To100_TuneCP5_13TeV-madgraphMLM-pythia8" : [1.37444e-05 , 4.80197e+06 ],
 "ttHJetToGG_M65_13TeV_amcatnloFXFX_madspin_pythia8" : [0.322264 , 407477 ],
 "GluGluHToGG_M60_13TeV_amcatnloFXFX_pythia8" : [0.177384 , 298308 ],
 "VBFHToGG_M95_13TeV_amcatnlo_pythia8" : [0.349097 , 300000 ],
 "ttHJetToGG_M127_13TeV_amcatnloFXFX_madspin_pythia8" : [0.326503 , 310107 ],
 "ttHJetToGG_M126_13TeV_amcatnloFXFX_madspin_pythia8" : [0.326917 , 309806 ],
 "VHToGG_M75_13TeV_amcatnloFXFX_madspin_pythia8" : [0.187229 , 523397 ],
 "ttHJetToGG_M60_13TeV_amcatnloFXFX_madspin_pythia8" : [0.321824 , 356102 ],
 "DYJetsToLL_M-50_TuneCP5_13TeV-amcatnloFXFX-pythia8" : [0.161154 , 4.19027e+08 ],
 "ttHJetToGG_M125_13TeV_amcatnloFXFX_madspin_pythia8_PSWeights" : [0.325486 , 1.00495e+06 ],
 "GluGluHToGG_M130_13TeV_amcatnloFXFX_pythia8" : [0.215195 , 481713 ],
 "VHToGG_M100_13TeV_amcatnloFXFX_madspin_pythia8" : [0.19163 , 541555 ],
 "GluGluHToGG_M115_13TeV_amcatnloFXFX_pythia8" : [0.210439 , 119797 ],
 "ZH_HToGG_ZToAll_M125_13TeV_powheg_pythia8" : [0.0287884 , 299600 ],
 "VBFHToGG_M90_13TeV_amcatnlo_pythia8" : [0.34889 , 100000 ],
 "VHToGG_M126_13TeV_amcatnloFXFX_madspin_pythia8" : [0.196627 , 342161 ],
 "VBFHToGG_M75_13TeV_amcatnlo_pythia8" : [0.347656 , 286818 ],
 "ggZH_HToGG_ZToLL_M126_13TeV_powheg_pythia8" : [0 , 300000 ],
 "GluGluHToGG_M123_13TeV_amcatnloFXFX_pythia8" : [0.213651 , 503911 ]
 }

