{
 "ttHJetToGG_M130_13TeV_amcatnloFXFX_madspin_pythia8" : [0.351683 , 51464 ] ,
 "ttHJetToGG_M110_13TeV_amcatnloFXFX_madspin_pythia8" : [0.334785 , 352620 ] ,
 "ttHJetToGG_M120_13TeV_amcatnloFXFX_madspin_pythia8_v2" : [0.351644 , 190329 ] ,
 "TTGG_0Jets_TuneCUETP8M1_13TeV_amcatnlo_madspin_pythia8" : [0.227766 , 1.42389e+06 ] ,
 "WGToLNuG_TuneCUETP8M1_13TeV-madgraphMLM-pythia8" : [0 , 6.10382e+06 ] ,
 "ttHJetToGG_M125_13TeV_amcatnloFXFX_madspin_pythia8_DownPS" : [0.355254 , 507488 ] ,
 "ZGTo2LG_TuneCUETP8M1_13TeV-amcatnloFXFX-pythia8" : [0.157958 , 1.43727e+07 ] ,
 "ttHJetToGG_M125_13TeV_amcatnloFXFX_madspin_pythia8_CUETP8M1Down" : [0.351713 , 334361 ] ,
 "ttHJetToGG_M125_13TeV_amcatnloFXFX_madspin_pythia8_UpPS" : [0.349251 , 685453 ] ,
 "ttHJetToGG_M124_13TeV_amcatnloFXFX_madspin_pythia8" : [0.336287 , 284986 ] ,
 "TTGJets_TuneCUETP8M1_13TeV-amcatnloFXFX-madspin-pythia8" : [0.338035 , 4.87091e+06 ] ,
 "ttHJetToGG_M127_13TeV_amcatnloFXFX_madspin_pythia8" : [0.335768 , 267333 ] ,
 "ttHJetToGG_M123_13TeV_amcatnloFXFX_madspin_pythia8" : [0.336025 , 293547 ] ,
 "ttHJetToGG_M126_13TeV_amcatnloFXFX_madspin_pythia8" : [0.336877 , 391104 ] ,
 "ttHJetToGG_M125_13TeV_amcatnloFXFX_madspin_pythia8_CUETP8M1Up" : [0.351208 , 356085 ] ,
 "ttHJetToGG_M130_13TeV_amcatnloFXFX_madspin_pythia8_v2" : [0.354065 , 193165 ] ,
 "ttHJetToGG_M100_13TeV_amcatnloFXFX_madspin_pythia8" : [0.334439 , 390735 ] ,
 "ttHJetToGG_M90_13TeV_amcatnloFXFX_madspin_pythia8" : [0.3339 , 477940 ] ,
 "QCD_Pt-40toInf_DoubleEMEnriched_MGG-80toInf_TuneCUETP8M1_13TeV_Pythia8" : [0 , 2.06321e+07 ] ,
 "GJet_Pt-20to40_DoubleEMEnriched_MGG-80toInf_TuneCUETP8M1_13TeV_Pythia8" : [0 , 2.85845e+07 ] ,
 "DYJetsToLL_M-50_TuneCUETP8M1_13TeV-amcatnloFXFX-pythia8" : [0.165009 , 1.31417e+08 ] ,
 "ttHJetToGG_M80_13TeV_amcatnloFXFX_madspin_pythia8" : [0.332445 , 462486 ] ,
 "ttHJetToGG_M125_13TeV_amcatnloFXFX_madspin_pythia8_v2" : [0.350652 , 280760 ] ,
 "DiPhotonJetsBox_MGG-80toInf_13TeV-Sherpa" : [0 , 5.78617e+07 ] ,
 "QCD_Pt-30to40_DoubleEMEnriched_MGG-80toInf_TuneCUETP8M1_13TeV_Pythia8" : [0 , 1.80093e+07 ] ,
 "ttHJetToGG_M120_13TeV_amcatnloFXFX_madspin_pythia8" : [0.350403 , 127553 ] ,
 "ttHToGG_M125_13TeV_powheg_pythia8_v2" : [0.0182676 , 768410 ] ,
 "QCD_Pt-30toInf_DoubleEMEnriched_MGG-40to80_TuneCUETP8M1_13TeV_Pythia8" : [0 , 3.75621e+07 ] ,
 "WGToLNuG_TuneCUETP8M1_13TeV-amcatnloFXFX-pythia8" : [0.17959 , 5.04847e+06 ] ,
 "ttHJetToGG_M70_13TeV_amcatnloFXFX_madspin_pythia8" : [0.345451 , 149639 ] ,
 "GJet_Pt-20toInf_DoubleEMEnriched_MGG-40to80_TuneCUETP8M1_13TeV_Pythia8" : [0 , 3.72746e+07 ] ,
 "GJet_Pt-40toInf_DoubleEMEnriched_MGG-80toInf_TuneCUETP8M1_13TeV_Pythia8" : [0 , 7.22992e+07 ] ,
 "TTJets_TuneCUETP8M1_13TeV-madgraphMLM-pythia8" : [0 , 1.014e+07 ] ,
 "WJetsToLNu_TuneCUETP8M1_13TeV-madgraphMLM-pythia8" : [0 , 2.97057e+07 ] 
}

